<beans xmlns="http://www.springframework.org/schema/beans"
       xmlns:xsi="http://www.w3.org/2001/XMLSchema-instance"
       xmlns:context="http://www.springframework.org/schema/context"
       xmlns:aop="http://www.springframework.org/schema/aop"
       xsi:schemaLocation="http://www.springframework.org/schema/beans
    http://www.springframework.org/schema/beans/spring-beans.xsd
    http://www.springframework.org/schema/context
    http://www.springframework.org/schema/context/spring-context.xsd
    http://www.springframework.org/schema/aop
    http://www.springframework.org/schema/aop/spring-aop.xsd">

    <context:component-scan base-package="com.library" />

    <aop:aspectj-autoproxy />

    <!-- Bean definition for BookRepository -->
    <bean id="bookRepository" class="com.library.repository.BookRepository" />

    <!-- Bean definition for BookService with constructor and setter injection -->
    <bean id="bookService" class="com.library.service.BookService">
        <constructor-arg ref="bookRepository" />
        <property name="anotherBookRepository" ref="bookRepository" />
    </bean>

    <!-- Register the LoggingAspect bean -->
    <bean id="loggingAspect" class="com.library.aspect.LoggingAspect" />

</beans>
